{"v":1,"n":20,"t":[[0.129541,0.231832],[0.243166,0.504541],[0.515916,0.743207],[0.754541,1.277249],[1.481833,1.799999],[1.811375,2.220458],[2.231833,2.368208],[2.379541,2.459082],[2.470458,2.765916],[2.777291,3.129582],[3.413625,3.504541],[3.515916,3.754541],[3.765916,3.981832],[3.993166,4.379541],[4.390916,4.538624],[4.55,4.8],[4.811375,4.925],[4.936375,5.356833],[5.704541,6.159082],[6.170458,6.613624]]}
