{"v":1,"n":25,"t":[[0.129541,0.220457],[0.231833,0.527291],[0.538625,0.765916],[0.777291,0.890916],[0.902291,1.390916],[1.402291,1.640916],[1.652291,1.981832],[1.993166,2.254541],[2.265916,2.390916],[2.402291,2.868207],[3.196583,3.571583],[3.582958,3.878416],[3.889791,3.992082],[4.003416,4.605707],[4.832958,4.901124],[4.9125,5.048875],[5.060208,5.287499],[5.298875,5.56025],[5.571583,6.162499],[6.522708,6.670416],[6.681833,6.772749],[6.784083,7.249999],[7.261375,7.352291],[7.363625,7.579541],[7.590916,8.068207]]}
