{"v":1,"n":4,"t":[[0.102083,0.245333],[0.258333,0.427624],[0.440625,0.492708],[0.50575,0.987541]]}
