{"v":1,"n":7,"t":[[0.1,0.44575],[0.618625,0.751583],[0.764875,1.097333],[1.110625,1.389875],[1.403208,1.682458],[1.69575,1.975],[1.988291,2.427124]]}
