{"v":1,"n":3,"t":[[0.106833,0.379541],[0.390916,0.561374],[0.572708,0.913624]]}
