{"v":1,"n":19,"t":[[0.129541,0.254541],[0.265916,0.481832],[0.493166,0.947707],[1.163625,1.27725],[1.288625,1.390916],[1.402291,1.663666],[1.675,2.231833],[2.590916,2.784082],[2.795458,2.931833],[2.943166,3.045457],[3.056833,3.386374],[3.397708,3.477249],[3.488625,3.590916],[3.602291,4.102291],[4.318166,4.397707],[4.409083,5.102249],[5.306833,5.409124],[5.420458,5.545458],[5.556833,6.318208]]}
