{"v":1,"n":11,"t":[[0.101583,0.487208],[0.726583,1.045749],[1.285125,1.431416],[1.657458,1.949999],[2.215958,2.388833],[2.402125,2.707958],[2.92075,3.319666],[3.332958,3.612208],[3.625541,3.957999],[4.184041,4.383499],[4.396791,4.702624]]}
