{"v":1,"n":6,"t":[[0.102083,0.401583],[0.414583,0.857291],[1.052625,1.195875],[1.208875,1.300041],[1.313041,1.417207],[1.430208,1.820833]]}
