{"v":1,"n":16,"t":[[0.1,0.286166],[0.299458,0.538833],[0.552125,0.698416],[0.711708,1.217041],[1.230333,1.536166],[1.76225,1.895208],[1.9085,2.054791],[2.068083,2.360624],[2.373916,2.453707],[2.467041,2.839374],[3.092041,3.397874],[3.663833,3.996291],[4.248916,4.435082],[4.68775,5.060083],[5.073416,5.193082],[5.206375,5.432458]]}
