{"v":1,"n":20,"t":[[0.129541,0.265916],[0.277291,0.379582],[0.390916,0.652291],[0.663625,0.947708],[1.197708,1.345416],[1.356833,1.606833],[1.618166,1.731791],[1.743166,1.845457],[1.856833,1.924999],[1.936375,2.3],[2.311375,2.720458],[3.079541,3.443166],[3.693166,3.863624],[3.875,4.079541],[4.090916,4.420457],[4.761375,5.011375],[5.022708,5.261333],[5.272708,5.488624],[5.5,5.636375],[5.647708,6.170416]]}
