{"v":1,"n":8,"t":[[0.1,0.259583],[0.272875,0.911166],[0.924458,1.163833],[1.177125,1.2835],[1.296791,1.509541],[1.522875,1.788833],[1.802125,2.014875],[2.028208,2.294166]]}
