{"v":1,"n":10,"t":[[0.129541,0.254541],[0.265916,0.459082],[0.470458,0.549999],[0.561375,0.754541],[0.765916,0.981832],[0.993166,1.106791],[1.118166,1.515874],[1.527291,1.788666],[1.8,1.959083],[1.970458,2.493166]]}
