{"v":1,"n":22,"t":[[0.102083,0.258333],[0.271375,0.3365],[0.3495,0.753166],[0.9875,1.547416],[2.460958,2.591166],[2.604166,2.838541],[2.851583,3.333374],[4.244791,4.518249],[4.53125,4.739583],[4.752625,5.247416],[6.158875,6.5495],[6.5625,6.953125],[6.966166,7.057332],[7.070333,7.955749],[8.867208,9.596374],[9.609375,9.726583],[9.739583,10.6770829],[11.588541,11.796874],[11.809916,12.096374],[12.109375,12.252625],[12.265625,12.408875],[12.421875,12.825541]]}
