{"v":1,"n":21,"t":[[0.129541,0.220457],[0.231833,0.447749],[0.459083,0.538624],[0.55,0.709083],[0.720458,0.868166],[0.879541,1.049999],[1.061375,1.152291],[1.163625,1.629541],[1.640916,1.765916],[1.777291,2.152291],[2.163625,2.40225],[2.413625,2.481791],[2.493166,2.572707],[2.584083,2.993166],[3.329541,3.443166],[3.454541,3.693166],[3.704541,3.806832],[3.818166,4.022707],[4.034083,4.613624],[4.954541,5.159082],[5.170458,5.749999]]}
