{"v":1,"n":25,"t":[[0.129541,0.368166],[0.379541,0.652249],[0.663625,0.743166],[0.754541,1.288624],[1.3,1.527291],[1.538625,1.629541],[1.640916,2.049999],[2.061375,2.3],[2.311375,2.425],[2.436375,2.8],[2.811375,2.902291],[2.913625,3.163625],[3.175,3.538625],[3.55,3.697708],[3.709083,3.743166],[3.754541,4.061374],[4.072708,4.515874],[4.852291,5.124999],[5.136375,5.238666],[5.25,5.613625],[5.625,5.761375],[5.772708,5.931791],[5.943166,6.499999],[6.832958,7.105666],[7.117041,7.469332]]}
